id,split,label,control_domain,review_status,priority,reviewer,notes
CS-ACL-TERM-033-178C2846,train,CONTRADICTORY,account_lifecycle,reviewed,dev_sample,structural_auditor_v1,structural audit ok; label consistent with packet invariants
CS-ACL-TERM-078-BB6292F6,validation,PARTIAL,account_lifecycle,reviewed,dev_sample,structural_auditor_v1,structural audit ok; label consistent with packet invariants
CS-ACL-TERM-093-E9E02E0D,train,INSUFFICIENT,account_lifecycle,reviewed,dev_sample,structural_auditor_v1,structural audit ok; label consistent with packet invariants
CS-ACL-TERM-123-94992E08,train,SUFFICIENT,account_lifecycle,reviewed,dev_sample,structural_auditor_v1,structural audit ok; label consistent with packet invariants
CS-ACL-TERM-123-B7513B6D,train,PARTIAL,account_lifecycle,reviewed,dev_sample,structural_auditor_v1,structural audit ok; label consistent with packet invariants
CS-ACL-TERM-153-615CA178,train,IRRELEVANT,account_lifecycle,reviewed,dev_sample,structural_auditor_v1,structural audit ok; label consistent with packet invariants
CS-ACL-TERM-168-59299CAE,train,CONTRADICTORY,account_lifecycle,reviewed,dev_sample,structural_auditor_v1,structural audit ok; label consistent with packet invariants
CS-ACL-TERM-183-04A390E9,challenge,INSUFFICIENT,account_lifecycle,reviewed,challenge_required,spotcheck_v1,Spotcheck: substance=Mercury; SCOPE 30==30; retained INSUFFICIENT — epistemic hedge/non-execution reading in substance section (not merely decoy hedges). tags=policy_only
CS-ACL-TERM-183-1678565C,challenge,CONTRADICTORY,account_lifecycle,reviewed,challenge_required,spotcheck_v1,"Spotcheck: substance=Neon; SCOPE 30==30; retained CONTRADICTORY — ROW_DETAIL carries control-failure fact against otherwise complete packet framing. tags=control_failure,source_conflict"
CS-ACL-TERM-183-49A2D185,challenge,SUFFICIENT,account_lifecycle,reviewed,challenge_required,spotcheck_v1,"Spotcheck: substance=Neon; SCOPE 30==30; retained SUFFICIENT — operational claim in substance section, equal coverage, no decisive failure in ROW_DETAIL. tags=none"
CS-ACL-TERM-183-71EC332E,challenge,PARTIAL,account_lifecycle,reviewed,challenge_required,spotcheck_v1,"Spotcheck: substance=Neon; SCOPE inventory=30 file_rows=21; retained PARTIAL — file_rows < inventory under shared claim scaffold. tags=population_gap,incomplete_export"
CS-ACL-TERM-183-C978D8CD,challenge,IRRELEVANT,account_lifecycle,reviewed,challenge_required,spotcheck_v1,"Spotcheck: substance=Mercury; SCOPE 30==30; retained IRRELEVANT — substance pointer targets off-objective distractor while claim-like text remains in the other section. tags=wrong_system,evidence_not_traceable"
CS-ACL-TERM-198-12709694,challenge,PARTIAL,account_lifecycle,reviewed,challenge_required,spotcheck_v1,"Spotcheck: substance=Neon; SCOPE inventory=30 file_rows=19; retained PARTIAL — file_rows < inventory under shared claim scaffold. tags=population_gap,incomplete_export"
CS-ACL-TERM-198-140A8727,challenge,CONTRADICTORY,account_lifecycle,reviewed,challenge_required,spotcheck_v1,"Spotcheck: substance=Mercury; SCOPE 30==30; retained CONTRADICTORY — ROW_DETAIL carries control-failure fact against otherwise complete packet framing. tags=control_failure,source_conflict"
CS-ACL-TERM-198-E31C56B8,challenge,IRRELEVANT,account_lifecycle,reviewed,challenge_required,spotcheck_v1,"Spotcheck: substance=Neon; SCOPE 30==30; retained IRRELEVANT — substance pointer targets off-objective distractor while claim-like text remains in the other section. tags=wrong_system,evidence_not_traceable"
CS-ACL-TERM-198-FC8E072A,challenge,SUFFICIENT,account_lifecycle,reviewed,challenge_required,spotcheck_v1,"Spotcheck: substance=Mercury; SCOPE 30==30; retained SUFFICIENT — operational claim in substance section, equal coverage, no decisive failure in ROW_DETAIL. tags=none"
CS-ACL-TERM-198-FFB4B045,challenge,INSUFFICIENT,account_lifecycle,reviewed,challenge_required,spotcheck_v1,Spotcheck: substance=Mercury; SCOPE 30==30; retained INSUFFICIENT — epistemic hedge/non-execution reading in substance section (not merely decoy hedges). tags=procedure_only
CS-ACL-TERM-228-02BF24E7,challenge,INSUFFICIENT,account_lifecycle,reviewed,challenge_required,spotcheck_v1,Spotcheck: substance=Neon; SCOPE 30==30; retained INSUFFICIENT — epistemic hedge/non-execution reading in substance section (not merely decoy hedges). tags=self_attestation
CS-ACL-TERM-228-66EF679E,challenge,PARTIAL,account_lifecycle,reviewed,challenge_required,spotcheck_v1,"Spotcheck: substance=Neon; SCOPE inventory=30 file_rows=23; retained PARTIAL — file_rows < inventory under shared claim scaffold. tags=population_gap,incomplete_export"
CS-ACL-TERM-228-91ED5BD8,challenge,SUFFICIENT,account_lifecycle,reviewed,challenge_required,spotcheck_v1,"Spotcheck: substance=Mercury; SCOPE 30==30; retained SUFFICIENT — operational claim in substance section, equal coverage, no decisive failure in ROW_DETAIL. tags=none"
CS-ACL-TERM-228-9301B2F4,challenge,CONTRADICTORY,account_lifecycle,reviewed,challenge_required,spotcheck_v1,"Spotcheck: substance=Mercury; SCOPE 30==30; retained CONTRADICTORY — ROW_DETAIL carries control-failure fact against otherwise complete packet framing. tags=control_failure,source_conflict"
CS-ACL-TERM-228-93EEBCA0,challenge,IRRELEVANT,account_lifecycle,reviewed,challenge_required,spotcheck_v1,"Spotcheck: substance=Mercury; SCOPE 30==30; retained IRRELEVANT — substance pointer targets off-objective distractor while claim-like text remains in the other section. tags=wrong_system,evidence_not_traceable"
CS-ACL-TERM-243-A5DAC001,validation,INSUFFICIENT,account_lifecycle,reviewed,dev_sample,structural_auditor_v1,structural audit ok; label consistent with packet invariants
CS-ACL-TERM-243-B42C8D5C,validation,IRRELEVANT,account_lifecycle,reviewed,dev_sample,structural_auditor_v1,structural audit ok; label consistent with packet invariants
CS-ACL-TERM-258-0EFA399E,test,SUFFICIENT,account_lifecycle,reviewed,dev_sample,structural_auditor_v1,structural audit ok; label consistent with packet invariants
CS-BAK-JOB-023-2BC52041,challenge,PARTIAL,backup_and_recovery,reviewed,challenge_required,spotcheck_v1,"Spotcheck: substance=Mercury; SCOPE inventory=15 file_rows=9; retained PARTIAL — file_rows < inventory under shared claim scaffold. tags=population_gap,incomplete_export"
CS-BAK-JOB-023-5D6A29E4,challenge,SUFFICIENT,backup_and_recovery,reviewed,challenge_required,spotcheck_v1,"Spotcheck: substance=Mercury; SCOPE 15==15; retained SUFFICIENT — operational claim in substance section, equal coverage, no decisive failure in ROW_DETAIL. tags=none"
CS-BAK-JOB-023-661709FB,challenge,IRRELEVANT,backup_and_recovery,reviewed,challenge_required,spotcheck_v1,"Spotcheck: substance=Mercury; SCOPE 15==15; retained IRRELEVANT — substance pointer targets off-objective distractor while claim-like text remains in the other section. tags=wrong_system,evidence_not_traceable"
CS-BAK-JOB-023-7897AB34,challenge,INSUFFICIENT,backup_and_recovery,reviewed,challenge_required,spotcheck_v1,Spotcheck: substance=Mercury; SCOPE 15==15; retained INSUFFICIENT — epistemic hedge/non-execution reading in substance section (not merely decoy hedges). tags=policy_only
CS-BAK-JOB-023-9ECB29CF,challenge,CONTRADICTORY,backup_and_recovery,reviewed,challenge_required,spotcheck_v1,Spotcheck: substance=Mercury; SCOPE 15==15; retained CONTRADICTORY — ROW_DETAIL carries control-failure fact against otherwise complete packet framing. tags=control_failure
CS-BAK-JOB-038-2D59FF6D,test,CONTRADICTORY,backup_and_recovery,reviewed,dev_sample,structural_auditor_v1,structural audit ok; label consistent with packet invariants
CS-BAK-JOB-068-B5CEB558,train,SUFFICIENT,backup_and_recovery,reviewed,dev_sample,structural_auditor_v1,structural audit ok; label consistent with packet invariants
CS-BAK-JOB-083-6A69C5B7,validation,PARTIAL,backup_and_recovery,reviewed,dev_sample,structural_auditor_v1,structural audit ok; label consistent with packet invariants
CS-BAK-JOB-143-9AF7BE63,train,SUFFICIENT,backup_and_recovery,reviewed,dev_sample,structural_auditor_v1,structural audit ok; label consistent with packet invariants
CS-BAK-JOB-158-5340EBF9,test,IRRELEVANT,backup_and_recovery,reviewed,dev_sample,structural_auditor_v1,structural audit ok; label consistent with packet invariants
CS-BAK-JOB-173-CDB287A6,train,INSUFFICIENT,backup_and_recovery,reviewed,dev_sample,structural_auditor_v1,structural audit ok; label consistent with packet invariants
CS-BAK-JOB-203-11D1B261,challenge,IRRELEVANT,backup_and_recovery,reviewed,challenge_required,structural_auditor_v1,structural audit ok; label consistent with packet invariants
CS-BAK-JOB-203-450AB746,challenge,SUFFICIENT,backup_and_recovery,reviewed,challenge_required,structural_auditor_v1,structural audit ok; label consistent with packet invariants
CS-BAK-JOB-203-504D4497,challenge,PARTIAL,backup_and_recovery,reviewed,challenge_required,structural_auditor_v1,structural audit ok; label consistent with packet invariants
CS-BAK-JOB-203-AFC68CAF,challenge,CONTRADICTORY,backup_and_recovery,reviewed,challenge_required,structural_auditor_v1,structural audit ok; label consistent with packet invariants
CS-BAK-JOB-203-FFF2AD37,challenge,INSUFFICIENT,backup_and_recovery,reviewed,challenge_required,structural_auditor_v1,structural audit ok; label consistent with packet invariants
CS-BAK-JOB-263-27428309,validation,IRRELEVANT,backup_and_recovery,reviewed,dev_sample,structural_auditor_v1,structural audit ok; label consistent with packet invariants
CS-BAK-JOB-278-9D23A890,train,PARTIAL,backup_and_recovery,reviewed,dev_sample,structural_auditor_v1,structural audit ok; label consistent with packet invariants
CS-BAK-JOB-278-C015A643,train,CONTRADICTORY,backup_and_recovery,reviewed,dev_sample,structural_auditor_v1,structural audit ok; label consistent with packet invariants
CS-BAK-JOB-293-CC187B46,train,INSUFFICIENT,backup_and_recovery,reviewed,dev_sample,structural_auditor_v1,structural audit ok; label consistent with packet invariants
CS-CHG-APR-020-02341E2D,challenge,PARTIAL,change_management,reviewed,challenge_required,structural_auditor_v1,structural audit ok; label consistent with packet invariants
CS-CHG-APR-020-0C1E4960,challenge,CONTRADICTORY,change_management,reviewed,challenge_required,structural_auditor_v1,structural audit ok; label consistent with packet invariants
CS-CHG-APR-020-79345094,challenge,SUFFICIENT,change_management,reviewed,challenge_required,structural_auditor_v1,structural audit ok; label consistent with packet invariants
CS-CHG-APR-020-D9AEA110,challenge,INSUFFICIENT,change_management,reviewed,challenge_required,structural_auditor_v1,structural audit ok; label consistent with packet invariants
CS-CHG-APR-020-DEA1AF2C,challenge,IRRELEVANT,change_management,reviewed,challenge_required,structural_auditor_v1,structural audit ok; label consistent with packet invariants
CS-CHG-APR-035-8FA91DCF,train,CONTRADICTORY,change_management,reviewed,dev_sample,structural_auditor_v1,structural audit ok; label consistent with packet invariants
CS-CHG-APR-065-A8A778D8,train,PARTIAL,change_management,reviewed,dev_sample,structural_auditor_v1,structural audit ok; label consistent with packet invariants
CS-CHG-APR-080-977E2361,test,INSUFFICIENT,change_management,reviewed,dev_sample,structural_auditor_v1,structural audit ok; label consistent with packet invariants
CS-CHG-APR-095-F197958E,train,IRRELEVANT,change_management,reviewed,dev_sample,structural_auditor_v1,structural audit ok; label consistent with packet invariants
CS-CHG-APR-125-BF0E7E05,train,SUFFICIENT,change_management,reviewed,dev_sample,structural_auditor_v1,structural audit ok; label consistent with packet invariants
CS-CHG-APR-140-1789C8B0,train,CONTRADICTORY,change_management,reviewed,dev_sample,structural_auditor_v1,structural audit ok; label consistent with packet invariants
CS-CHG-APR-140-F62C0CC9,train,IRRELEVANT,change_management,reviewed,dev_sample,structural_auditor_v1,structural audit ok; label consistent with packet invariants
CS-CHG-APR-170-3524D6D7,challenge,CONTRADICTORY,change_management,reviewed,challenge_required,structural_auditor_v1,structural audit ok; label consistent with packet invariants
CS-CHG-APR-170-642E0784,challenge,INSUFFICIENT,change_management,reviewed,challenge_required,structural_auditor_v1,structural audit ok; label consistent with packet invariants
CS-CHG-APR-170-8495249D,challenge,IRRELEVANT,change_management,reviewed,challenge_required,structural_auditor_v1,structural audit ok; label consistent with packet invariants
CS-CHG-APR-170-C9F17EF3,challenge,PARTIAL,change_management,reviewed,challenge_required,structural_auditor_v1,structural audit ok; label consistent with packet invariants
CS-CHG-APR-170-EC679A0A,challenge,SUFFICIENT,change_management,reviewed,challenge_required,structural_auditor_v1,structural audit ok; label consistent with packet invariants
CS-CHG-APR-245-A837352F,train,PARTIAL,change_management,reviewed,dev_sample,structural_auditor_v1,structural audit ok; label consistent with packet invariants
CS-CHG-APR-245-D09BADB2,train,SUFFICIENT,change_management,reviewed,dev_sample,structural_auditor_v1,structural audit ok; label consistent with packet invariants
CS-CHG-APR-260-A2FB4500,validation,INSUFFICIENT,change_management,reviewed,dev_sample,structural_auditor_v1,structural audit ok; label consistent with packet invariants
CS-ENC-REST-009-15DB83A0,train,SUFFICIENT,encryption,reviewed,dev_sample,structural_auditor_v1,structural audit ok; label consistent with packet invariants
CS-ENC-REST-069-FEF4F40E,train,CONTRADICTORY,encryption,reviewed,dev_sample,structural_auditor_v1,structural audit ok; label consistent with packet invariants
CS-ENC-REST-114-13E299A0,validation,INSUFFICIENT,encryption,reviewed,dev_sample,structural_auditor_v1,structural audit ok; label consistent with packet invariants
CS-ENC-REST-159-78686CC6,train,IRRELEVANT,encryption,reviewed,dev_sample,structural_auditor_v1,structural audit ok; label consistent with packet invariants
CS-ENC-REST-159-84479184,train,INSUFFICIENT,encryption,reviewed,dev_sample,structural_auditor_v1,structural audit ok; label consistent with packet invariants
CS-ENC-REST-219-01F62B14,train,PARTIAL,encryption,reviewed,dev_sample,structural_auditor_v1,structural audit ok; label consistent with packet invariants
CS-ENC-REST-219-027104C0,train,IRRELEVANT,encryption,reviewed,dev_sample,structural_auditor_v1,structural audit ok; label consistent with packet invariants
CS-ENC-REST-219-2B2C2993,train,CONTRADICTORY,encryption,reviewed,dev_sample,structural_auditor_v1,structural audit ok; label consistent with packet invariants
CS-ENC-REST-234-34BCA6FE,test,SUFFICIENT,encryption,reviewed,dev_sample,structural_auditor_v1,structural audit ok; label consistent with packet invariants
CS-ENC-REST-279-B330769E,test,PARTIAL,encryption,reviewed,dev_sample,structural_auditor_v1,structural audit ok; label consistent with packet invariants
CS-EPP-AV-025-D086DB06,train,CONTRADICTORY,endpoint_security,reviewed,dev_sample,structural_auditor_v1,structural audit ok; label consistent with packet invariants
CS-EPP-AV-055-2E49AFC7,challenge,INSUFFICIENT,endpoint_security,reviewed,challenge_required,structural_auditor_v1,structural audit ok; label consistent with packet invariants
CS-EPP-AV-055-3CB5E77A,challenge,PARTIAL,endpoint_security,reviewed,challenge_required,structural_auditor_v1,structural audit ok; label consistent with packet invariants
CS-EPP-AV-055-87B10F50,challenge,IRRELEVANT,endpoint_security,reviewed,challenge_required,structural_auditor_v1,structural audit ok; label consistent with packet invariants
CS-EPP-AV-055-9B03E8EB,challenge,CONTRADICTORY,endpoint_security,reviewed,challenge_required,structural_auditor_v1,structural audit ok; label consistent with packet invariants
CS-EPP-AV-055-F1DEED33,challenge,SUFFICIENT,endpoint_security,reviewed,challenge_required,structural_auditor_v1,structural audit ok; label consistent with packet invariants
CS-EPP-AV-070-77670E34,validation,IRRELEVANT,endpoint_security,reviewed,dev_sample,structural_auditor_v1,structural audit ok; label consistent with packet invariants
CS-EPP-AV-085-03491D37,train,PARTIAL,endpoint_security,reviewed,dev_sample,structural_auditor_v1,structural audit ok; label consistent with packet invariants
CS-EPP-AV-085-24226244,train,SUFFICIENT,endpoint_security,reviewed,dev_sample,structural_auditor_v1,structural audit ok; label consistent with packet invariants
CS-EPP-AV-145-CE3E95AC,train,SUFFICIENT,endpoint_security,reviewed,dev_sample,structural_auditor_v1,structural audit ok; label consistent with packet invariants
CS-EPP-AV-145-E335E409,train,INSUFFICIENT,endpoint_security,reviewed,dev_sample,structural_auditor_v1,structural audit ok; label consistent with packet invariants
CS-EPP-AV-205-CB1C57B6,train,PARTIAL,endpoint_security,reviewed,dev_sample,structural_auditor_v1,structural audit ok; label consistent with packet invariants
CS-EPP-AV-220-C4D9F446,validation,INSUFFICIENT,endpoint_security,reviewed,dev_sample,structural_auditor_v1,structural audit ok; label consistent with packet invariants
CS-EPP-AV-235-4CB0BC3C,challenge,SUFFICIENT,endpoint_security,reviewed,challenge_required,structural_auditor_v1,structural audit ok; label consistent with packet invariants
CS-EPP-AV-235-74C6E900,challenge,CONTRADICTORY,endpoint_security,reviewed,challenge_required,structural_auditor_v1,structural audit ok; label consistent with packet invariants
CS-EPP-AV-235-927855C0,challenge,PARTIAL,endpoint_security,reviewed,challenge_required,structural_auditor_v1,structural audit ok; label consistent with packet invariants
CS-EPP-AV-235-B8F3D8B2,challenge,IRRELEVANT,endpoint_security,reviewed,challenge_required,structural_auditor_v1,structural audit ok; label consistent with packet invariants
CS-EPP-AV-235-C22E82B3,challenge,INSUFFICIENT,endpoint_security,reviewed,challenge_required,structural_auditor_v1,structural audit ok; label consistent with packet invariants
CS-EPP-AV-280-C2853851,train,CONTRADICTORY,endpoint_security,reviewed,dev_sample,structural_auditor_v1,structural audit ok; label consistent with packet invariants
CS-EPP-AV-295-57479D57,train,IRRELEVANT,endpoint_security,reviewed,dev_sample,structural_auditor_v1,structural audit ok; label consistent with packet invariants
CS-IAM-ACCESS-0-0747E70B,train,PARTIAL,identity_and_access_management,reviewed,dev_sample,structural_auditor_v1,structural audit ok; label consistent with packet invariants
CS-IAM-ACCESS-0-AB635325,test,SUFFICIENT,identity_and_access_management,reviewed,dev_sample,structural_auditor_v1,structural audit ok; label consistent with packet invariants
CS-IAM-ACCESS-1-021EEAA1,train,CONTRADICTORY,identity_and_access_management,reviewed,dev_sample,structural_auditor_v1,structural audit ok; label consistent with packet invariants
CS-IAM-ACCESS-1-3F5410DA,train,PARTIAL,identity_and_access_management,reviewed,dev_sample,structural_auditor_v1,structural audit ok; label consistent with packet invariants
CS-IAM-ACCESS-1-B6BD16CC,train,SUFFICIENT,identity_and_access_management,reviewed,dev_sample,structural_auditor_v1,structural audit ok; label consistent with packet invariants
CS-IAM-ACCESS-1-C82951B4,train,CONTRADICTORY,identity_and_access_management,reviewed,dev_sample,structural_auditor_v1,structural audit ok; label consistent with packet invariants
CS-IAM-ACCESS-1-F82C7859,train,IRRELEVANT,identity_and_access_management,reviewed,dev_sample,structural_auditor_v1,structural audit ok; label consistent with packet invariants
CS-IAM-ACCESS-2-3B9DA651,challenge,SUFFICIENT,identity_and_access_management,reviewed,challenge_required,structural_auditor_v1,structural audit ok; label consistent with packet invariants
CS-IAM-ACCESS-2-6A1241F2,train,IRRELEVANT,identity_and_access_management,reviewed,dev_sample,structural_auditor_v1,structural audit ok; label consistent with packet invariants
CS-IAM-ACCESS-2-78902D87,challenge,PARTIAL,identity_and_access_management,reviewed,challenge_required,structural_auditor_v1,structural audit ok; label consistent with packet invariants
CS-IAM-ACCESS-2-7A8EE6FD,train,INSUFFICIENT,identity_and_access_management,reviewed,dev_sample,structural_auditor_v1,structural audit ok; label consistent with packet invariants
CS-IAM-ACCESS-2-92B31E43,challenge,IRRELEVANT,identity_and_access_management,reviewed,challenge_required,structural_auditor_v1,structural audit ok; label consistent with packet invariants
CS-IAM-ACCESS-2-D4BD994C,challenge,CONTRADICTORY,identity_and_access_management,reviewed,challenge_required,structural_auditor_v1,structural audit ok; label consistent with packet invariants
CS-IAM-ACCESS-2-D8B311DE,validation,INSUFFICIENT,identity_and_access_management,reviewed,dev_sample,structural_auditor_v1,structural audit ok; label consistent with packet invariants
CS-IAM-ACCESS-2-DD4F0C1C,challenge,INSUFFICIENT,identity_and_access_management,reviewed,challenge_required,structural_auditor_v1,structural audit ok; label consistent with packet invariants
CS-IAM-MFA-015-E4A26E73,validation,SUFFICIENT,authentication,reviewed,dev_sample,structural_auditor_v1,structural audit ok; label consistent with packet invariants
CS-IAM-MFA-060-4BE7BBD3,train,IRRELEVANT,authentication,reviewed,dev_sample,structural_auditor_v1,structural audit ok; label consistent with packet invariants
CS-IAM-MFA-060-ADF5D4A5,train,INSUFFICIENT,authentication,reviewed,dev_sample,structural_auditor_v1,structural audit ok; label consistent with packet invariants
CS-IAM-MFA-075-AE1A59D1,validation,PARTIAL,authentication,reviewed,dev_sample,structural_auditor_v1,structural audit ok; label consistent with packet invariants
CS-IAM-MFA-105-40F83519,validation,CONTRADICTORY,authentication,reviewed,dev_sample,structural_auditor_v1,structural audit ok; label consistent with packet invariants
CS-IAM-MFA-180-0D37FF86,validation,IRRELEVANT,authentication,reviewed,dev_sample,structural_auditor_v1,structural audit ok; label consistent with packet invariants
CS-IAM-MFA-240-92861B82,train,PARTIAL,authentication,reviewed,dev_sample,structural_auditor_v1,structural audit ok; label consistent with packet invariants
CS-IAM-MFA-240-C99B69C7,train,INSUFFICIENT,authentication,reviewed,dev_sample,structural_auditor_v1,structural audit ok; label consistent with packet invariants
CS-IAM-PWD-013-3C89D880,test,CONTRADICTORY,authentication,reviewed,dev_sample,structural_auditor_v1,structural audit ok; label consistent with packet invariants
CS-IAM-PWD-058-7970D816,test,PARTIAL,authentication,reviewed,dev_sample,structural_auditor_v1,structural audit ok; label consistent with packet invariants
CS-IAM-PWD-103-ABD29C15,validation,SUFFICIENT,authentication,reviewed,dev_sample,structural_auditor_v1,structural audit ok; label consistent with packet invariants
CS-IAM-PWD-103-B81A69C5,validation,CONTRADICTORY,authentication,reviewed,dev_sample,structural_auditor_v1,structural audit ok; label consistent with packet invariants
CS-IAM-PWD-118-C1D7BD35,train,PARTIAL,authentication,reviewed,dev_sample,structural_auditor_v1,structural audit ok; label consistent with packet invariants
CS-IAM-PWD-118-E20B59E8,train,IRRELEVANT,authentication,reviewed,dev_sample,structural_auditor_v1,structural audit ok; label consistent with packet invariants
CS-IAM-PWD-163-C1872136,train,IRRELEVANT,authentication,reviewed,dev_sample,structural_auditor_v1,structural audit ok; label consistent with packet invariants
CS-IAM-PWD-208-397E4E14,train,SUFFICIENT,authentication,reviewed,dev_sample,structural_auditor_v1,structural audit ok; label consistent with packet invariants
CS-IAM-PWD-223-09C0F5DA,challenge,INSUFFICIENT,authentication,reviewed,challenge_required,structural_auditor_v1,structural audit ok; label consistent with packet invariants
CS-IAM-PWD-223-3ED61E4D,challenge,PARTIAL,authentication,reviewed,challenge_required,structural_auditor_v1,structural audit ok; label consistent with packet invariants
CS-IAM-PWD-223-7139EEB0,challenge,IRRELEVANT,authentication,reviewed,challenge_required,structural_auditor_v1,structural audit ok; label consistent with packet invariants
CS-IAM-PWD-223-7B45AE3D,challenge,SUFFICIENT,authentication,reviewed,challenge_required,structural_auditor_v1,structural audit ok; label consistent with packet invariants
CS-IAM-PWD-223-E89F7613,challenge,CONTRADICTORY,authentication,reviewed,challenge_required,structural_auditor_v1,structural audit ok; label consistent with packet invariants
CS-IAM-PWD-238-7C2390E8,validation,INSUFFICIENT,authentication,reviewed,dev_sample,structural_auditor_v1,structural audit ok; label consistent with packet invariants
CS-IAM-PWD-253-1ED041F5,challenge,SUFFICIENT,authentication,reviewed,challenge_required,structural_auditor_v1,structural audit ok; label consistent with packet invariants
CS-IAM-PWD-253-5172FCEC,challenge,INSUFFICIENT,authentication,reviewed,challenge_required,structural_auditor_v1,structural audit ok; label consistent with packet invariants
CS-IAM-PWD-253-9012F83D,challenge,IRRELEVANT,authentication,reviewed,challenge_required,structural_auditor_v1,structural audit ok; label consistent with packet invariants
CS-IAM-PWD-253-E2E4FE48,challenge,PARTIAL,authentication,reviewed,challenge_required,structural_auditor_v1,structural audit ok; label consistent with packet invariants
CS-IAM-PWD-253-E8D86505,challenge,CONTRADICTORY,authentication,reviewed,challenge_required,structural_auditor_v1,structural audit ok; label consistent with packet invariants
CS-IAM-PWD-268-55A6B599,train,SUFFICIENT,authentication,reviewed,dev_sample,structural_auditor_v1,structural audit ok; label consistent with packet invariants
CS-IAM-PWD-268-ACD54438,train,CONTRADICTORY,authentication,reviewed,dev_sample,structural_auditor_v1,structural audit ok; label consistent with packet invariants
CS-IAM-PWD-283-4A917160,train,INSUFFICIENT,authentication,reviewed,dev_sample,structural_auditor_v1,structural audit ok; label consistent with packet invariants
CS-LOG-ALERT-02-59BC1029,train,CONTRADICTORY,logging_and_monitoring,reviewed,dev_sample,structural_auditor_v1,structural audit ok; label consistent with packet invariants
CS-LOG-ALERT-02-CEF395DA,train,INSUFFICIENT,logging_and_monitoring,reviewed,dev_sample,structural_auditor_v1,structural audit ok; label consistent with packet invariants
CS-LOG-ALERT-07-03307FC5,test,IRRELEVANT,logging_and_monitoring,reviewed,dev_sample,structural_auditor_v1,structural audit ok; label consistent with packet invariants
CS-LOG-ALERT-08-5C8EDD29,test,IRRELEVANT,logging_and_monitoring,reviewed,dev_sample,structural_auditor_v1,structural audit ok; label consistent with packet invariants
CS-LOG-ALERT-11-0A22873F,train,PARTIAL,logging_and_monitoring,reviewed,dev_sample,structural_auditor_v1,structural audit ok; label consistent with packet invariants
CS-LOG-ALERT-16-7BC9D7E1,train,SUFFICIENT,logging_and_monitoring,reviewed,dev_sample,structural_auditor_v1,structural audit ok; label consistent with packet invariants
CS-LOG-ALERT-20-05D5FB2E,challenge,IRRELEVANT,logging_and_monitoring,reviewed,challenge_required,structural_auditor_v1,structural audit ok; label consistent with packet invariants
CS-LOG-ALERT-20-12F8D7BD,challenge,SUFFICIENT,logging_and_monitoring,reviewed,challenge_required,structural_auditor_v1,structural audit ok; label consistent with packet invariants
CS-LOG-ALERT-20-A7A7F8BB,challenge,PARTIAL,logging_and_monitoring,reviewed,challenge_required,structural_auditor_v1,structural audit ok; label consistent with packet invariants
CS-LOG-ALERT-20-AC85F3B7,challenge,INSUFFICIENT,logging_and_monitoring,reviewed,challenge_required,structural_auditor_v1,structural audit ok; label consistent with packet invariants
CS-LOG-ALERT-20-F92E6967,challenge,CONTRADICTORY,logging_and_monitoring,reviewed,challenge_required,structural_auditor_v1,structural audit ok; label consistent with packet invariants
CS-LOG-ALERT-23-3B9ED553,train,IRRELEVANT,logging_and_monitoring,reviewed,dev_sample,structural_auditor_v1,structural audit ok; label consistent with packet invariants
CS-LOG-ALERT-23-5B12A509,train,SUFFICIENT,logging_and_monitoring,reviewed,dev_sample,structural_auditor_v1,structural audit ok; label consistent with packet invariants
CS-LOG-ALERT-28-57450CCA,train,SUFFICIENT,logging_and_monitoring,reviewed,dev_sample,structural_auditor_v1,structural audit ok; label consistent with packet invariants
CS-LOG-ALERT-28-CD87F95D,train,INSUFFICIENT,logging_and_monitoring,reviewed,dev_sample,structural_auditor_v1,structural audit ok; label consistent with packet invariants
CS-LOG-RET-034-C64AEB63,train,PARTIAL,logging_and_monitoring,reviewed,dev_sample,structural_auditor_v1,structural audit ok; label consistent with packet invariants
CS-LOG-RET-064-B530248F,train,CONTRADICTORY,logging_and_monitoring,reviewed,dev_sample,structural_auditor_v1,structural audit ok; label consistent with packet invariants
CS-LOG-RET-079-99604F7F,train,INSUFFICIENT,logging_and_monitoring,reviewed,dev_sample,structural_auditor_v1,structural audit ok; label consistent with packet invariants
CS-LOG-RET-094-259C0A2D,train,CONTRADICTORY,logging_and_monitoring,reviewed,dev_sample,structural_auditor_v1,structural audit ok; label consistent with packet invariants
CS-LOG-RET-139-2E11C2F5,challenge,PARTIAL,logging_and_monitoring,reviewed,challenge_required,structural_auditor_v1,structural audit ok; label consistent with packet invariants
CS-LOG-RET-139-70F53D40,challenge,SUFFICIENT,logging_and_monitoring,reviewed,challenge_required,structural_auditor_v1,structural audit ok; label consistent with packet invariants
CS-LOG-RET-139-9AA2955A,challenge,CONTRADICTORY,logging_and_monitoring,reviewed,challenge_required,structural_auditor_v1,structural audit ok; label consistent with packet invariants
CS-LOG-RET-139-EC7D0F6F,challenge,IRRELEVANT,logging_and_monitoring,reviewed,challenge_required,structural_auditor_v1,structural audit ok; label consistent with packet invariants
CS-LOG-RET-139-F95AD1DF,challenge,INSUFFICIENT,logging_and_monitoring,reviewed,challenge_required,structural_auditor_v1,structural audit ok; label consistent with packet invariants
CS-LOG-RET-169-AF7B2320,train,IRRELEVANT,logging_and_monitoring,reviewed,dev_sample,structural_auditor_v1,structural audit ok; label consistent with packet invariants
CS-LOG-RET-214-E8E5D97B,train,PARTIAL,logging_and_monitoring,reviewed,dev_sample,structural_auditor_v1,structural audit ok; label consistent with packet invariants
CS-LOG-RET-259-E5A8B0E2,train,INSUFFICIENT,logging_and_monitoring,reviewed,dev_sample,structural_auditor_v1,structural audit ok; label consistent with packet invariants
CS-LOG-RET-274-8F3662A3,train,PARTIAL,logging_and_monitoring,reviewed,dev_sample,structural_auditor_v1,structural audit ok; label consistent with packet invariants
CS-LOG-RET-274-900442EB,train,CONTRADICTORY,logging_and_monitoring,reviewed,dev_sample,structural_auditor_v1,structural audit ok; label consistent with packet invariants
CS-LOG-RET-289-ACFB2ECD,validation,SUFFICIENT,logging_and_monitoring,reviewed,dev_sample,structural_auditor_v1,structural audit ok; label consistent with packet invariants
CS-NET-FW-071-2607C0CE,test,INSUFFICIENT,network_security,reviewed,dev_sample,structural_auditor_v1,structural audit ok; label consistent with packet invariants
CS-NET-FW-071-B18E8FA5,test,CONTRADICTORY,network_security,reviewed,dev_sample,structural_auditor_v1,structural audit ok; label consistent with packet invariants
CS-NET-FW-116-0FACCEDB,train,SUFFICIENT,network_security,reviewed,dev_sample,structural_auditor_v1,structural audit ok; label consistent with packet invariants
CS-NET-FW-116-22C178C6,train,CONTRADICTORY,network_security,reviewed,dev_sample,structural_auditor_v1,structural audit ok; label consistent with packet invariants
CS-NET-FW-116-91DD59F6,train,IRRELEVANT,network_security,reviewed,dev_sample,structural_auditor_v1,structural audit ok; label consistent with packet invariants
CS-NET-FW-131-1795F68F,challenge,INSUFFICIENT,network_security,reviewed,challenge_required,structural_auditor_v1,structural audit ok; label consistent with packet invariants
CS-NET-FW-131-4883BECB,challenge,CONTRADICTORY,network_security,reviewed,challenge_required,structural_auditor_v1,structural audit ok; label consistent with packet invariants
CS-NET-FW-131-4A8EB605,challenge,PARTIAL,network_security,reviewed,challenge_required,structural_auditor_v1,structural audit ok; label consistent with packet invariants
CS-NET-FW-131-51B8FC5D,challenge,IRRELEVANT,network_security,reviewed,challenge_required,structural_auditor_v1,structural audit ok; label consistent with packet invariants
CS-NET-FW-131-65216269,challenge,SUFFICIENT,network_security,reviewed,challenge_required,structural_auditor_v1,structural audit ok; label consistent with packet invariants
CS-NET-FW-161-2664080C,train,SUFFICIENT,network_security,reviewed,dev_sample,structural_auditor_v1,structural audit ok; label consistent with packet invariants
CS-NET-FW-176-8CB44FDC,train,PARTIAL,network_security,reviewed,dev_sample,structural_auditor_v1,structural audit ok; label consistent with packet invariants
CS-NET-FW-221-E905A4DA,train,PARTIAL,network_security,reviewed,dev_sample,structural_auditor_v1,structural audit ok; label consistent with packet invariants
CS-NET-FW-221-F524AAE0,train,IRRELEVANT,network_security,reviewed,dev_sample,structural_auditor_v1,structural audit ok; label consistent with packet invariants
CS-NET-FW-281-1B2431DF,challenge,INSUFFICIENT,network_security,reviewed,challenge_required,structural_auditor_v1,structural audit ok; label consistent with packet invariants
CS-NET-FW-281-594DA59B,challenge,CONTRADICTORY,network_security,reviewed,challenge_required,structural_auditor_v1,structural audit ok; label consistent with packet invariants
CS-NET-FW-281-70CAB2E6,challenge,SUFFICIENT,network_security,reviewed,challenge_required,structural_auditor_v1,structural audit ok; label consistent with packet invariants
CS-NET-FW-281-7BF1DD32,challenge,PARTIAL,network_security,reviewed,challenge_required,structural_auditor_v1,structural audit ok; label consistent with packet invariants
CS-NET-FW-281-B0DDD342,challenge,IRRELEVANT,network_security,reviewed,challenge_required,structural_auditor_v1,structural audit ok; label consistent with packet invariants
CS-NET-FW-296-5B15B63A,train,INSUFFICIENT,network_security,reviewed,dev_sample,structural_auditor_v1,structural audit ok; label consistent with packet invariants
CS-PAM-JIT-002-58186E03,train,PARTIAL,privileged_access,reviewed,dev_sample,structural_auditor_v1,structural audit ok; label consistent with packet invariants
CS-PAM-JIT-017-26AB7C33,challenge,IRRELEVANT,privileged_access,reviewed,challenge_required,structural_auditor_v1,structural audit ok; label consistent with packet invariants
CS-PAM-JIT-017-7624EB96,challenge,PARTIAL,privileged_access,reviewed,challenge_required,structural_auditor_v1,structural audit ok; label consistent with packet invariants
CS-PAM-JIT-017-D59CAA45,challenge,CONTRADICTORY,privileged_access,reviewed,challenge_required,structural_auditor_v1,structural audit ok; label consistent with packet invariants
CS-PAM-JIT-017-E1F436F5,challenge,INSUFFICIENT,privileged_access,reviewed,challenge_required,structural_auditor_v1,structural audit ok; label consistent with packet invariants
CS-PAM-JIT-017-E898A8C1,challenge,SUFFICIENT,privileged_access,reviewed,challenge_required,structural_auditor_v1,structural audit ok; label consistent with packet invariants
CS-PAM-JIT-032-C43C815E,validation,SUFFICIENT,privileged_access,reviewed,dev_sample,structural_auditor_v1,structural audit ok; label consistent with packet invariants
CS-PAM-JIT-047-1E5FCBC8,test,INSUFFICIENT,privileged_access,reviewed,dev_sample,structural_auditor_v1,structural audit ok; label consistent with packet invariants
CS-PAM-JIT-062-56012B89,train,SUFFICIENT,privileged_access,reviewed,dev_sample,structural_auditor_v1,structural audit ok; label consistent with packet invariants
CS-PAM-JIT-092-73A949C1,train,IRRELEVANT,privileged_access,reviewed,dev_sample,structural_auditor_v1,structural audit ok; label consistent with packet invariants
CS-PAM-JIT-122-0F4F5D5A,train,PARTIAL,privileged_access,reviewed,dev_sample,structural_auditor_v1,structural audit ok; label consistent with packet invariants
CS-PAM-JIT-152-CF58546A,train,INSUFFICIENT,privileged_access,reviewed,dev_sample,structural_auditor_v1,structural audit ok; label consistent with packet invariants
CS-PAM-JIT-167-A027A4C4,train,CONTRADICTORY,privileged_access,reviewed,dev_sample,structural_auditor_v1,structural audit ok; label consistent with packet invariants
CS-PAM-JIT-182-62C8B857,test,IRRELEVANT,privileged_access,reviewed,dev_sample,structural_auditor_v1,structural audit ok; label consistent with packet invariants
CS-PAM-JIT-197-EA7286BE,validation,CONTRADICTORY,privileged_access,reviewed,dev_sample,structural_auditor_v1,structural audit ok; label consistent with packet invariants
CS-PATCH-OS-007-1A3D744A,train,INSUFFICIENT,patch_management,reviewed,dev_sample,structural_auditor_v1,structural audit ok; label consistent with packet invariants
CS-PATCH-OS-007-39C1F9E9,train,IRRELEVANT,patch_management,reviewed,dev_sample,structural_auditor_v1,structural audit ok; label consistent with packet invariants
CS-PATCH-OS-052-959AC796,train,CONTRADICTORY,patch_management,reviewed,dev_sample,structural_auditor_v1,structural audit ok; label consistent with packet invariants
CS-PATCH-OS-097-46D8FA81,challenge,SUFFICIENT,patch_management,reviewed,challenge_required,structural_auditor_v1,structural audit ok; label consistent with packet invariants
CS-PATCH-OS-097-5B3630B9,challenge,INSUFFICIENT,patch_management,reviewed,challenge_required,structural_auditor_v1,structural audit ok; label consistent with packet invariants
CS-PATCH-OS-097-DCC72A11,challenge,CONTRADICTORY,patch_management,reviewed,challenge_required,structural_auditor_v1,structural audit ok; label consistent with packet invariants
CS-PATCH-OS-097-E7F5F465,challenge,PARTIAL,patch_management,reviewed,challenge_required,structural_auditor_v1,structural audit ok; label consistent with packet invariants
CS-PATCH-OS-097-ED4625D0,challenge,IRRELEVANT,patch_management,reviewed,challenge_required,structural_auditor_v1,structural audit ok; label consistent with packet invariants
CS-PATCH-OS-112-A0F44E32,train,SUFFICIENT,patch_management,reviewed,dev_sample,structural_auditor_v1,structural audit ok; label consistent with packet invariants
CS-PATCH-OS-112-CB33B46D,train,INSUFFICIENT,patch_management,reviewed,dev_sample,structural_auditor_v1,structural audit ok; label consistent with packet invariants
CS-PATCH-OS-127-1ABDA49D,train,PARTIAL,patch_management,reviewed,dev_sample,structural_auditor_v1,structural audit ok; label consistent with packet invariants
CS-PATCH-OS-142-3ACE9F96,challenge,SUFFICIENT,patch_management,reviewed,challenge_required,structural_auditor_v1,structural audit ok; label consistent with packet invariants
CS-PATCH-OS-142-4F7B73B0,challenge,IRRELEVANT,patch_management,reviewed,challenge_required,structural_auditor_v1,structural audit ok; label consistent with packet invariants
CS-PATCH-OS-142-87E34F6E,challenge,CONTRADICTORY,patch_management,reviewed,challenge_required,structural_auditor_v1,structural audit ok; label consistent with packet invariants
CS-PATCH-OS-142-AF40B2AF,challenge,PARTIAL,patch_management,reviewed,challenge_required,structural_auditor_v1,structural audit ok; label consistent with packet invariants
CS-PATCH-OS-142-FA990128,challenge,INSUFFICIENT,patch_management,reviewed,challenge_required,structural_auditor_v1,structural audit ok; label consistent with packet invariants
CS-PATCH-OS-187-6EBA6A2E,validation,IRRELEVANT,patch_management,reviewed,dev_sample,structural_auditor_v1,structural audit ok; label consistent with packet invariants
CS-PATCH-OS-202-2F5F43E3,train,SUFFICIENT,patch_management,reviewed,dev_sample,structural_auditor_v1,structural audit ok; label consistent with packet invariants
CS-PATCH-OS-232-B0E1A0F0,validation,CONTRADICTORY,patch_management,reviewed,dev_sample,structural_auditor_v1,structural audit ok; label consistent with packet invariants
CS-PATCH-OS-277-07C7CDD1,challenge,PARTIAL,patch_management,reviewed,challenge_required,structural_auditor_v1,structural audit ok; label consistent with packet invariants
CS-PATCH-OS-277-10104812,challenge,SUFFICIENT,patch_management,reviewed,challenge_required,structural_auditor_v1,structural audit ok; label consistent with packet invariants
CS-PATCH-OS-277-8AE62D85,challenge,CONTRADICTORY,patch_management,reviewed,challenge_required,structural_auditor_v1,structural audit ok; label consistent with packet invariants
CS-PATCH-OS-277-C5A6AD93,challenge,IRRELEVANT,patch_management,reviewed,challenge_required,structural_auditor_v1,structural audit ok; label consistent with packet invariants
CS-PATCH-OS-277-DD2E46A6,challenge,INSUFFICIENT,patch_management,reviewed,challenge_required,structural_auditor_v1,structural audit ok; label consistent with packet invariants
CS-PATCH-OS-292-23918089,test,PARTIAL,patch_management,reviewed,dev_sample,structural_auditor_v1,structural audit ok; label consistent with packet invariants
CS-TPRM-SOC-027-23F84BBB,train,INSUFFICIENT,third_party_controls,reviewed,dev_sample,structural_auditor_v1,structural audit ok; label consistent with packet invariants
CS-TPRM-SOC-027-291267CC,train,SUFFICIENT,third_party_controls,reviewed,dev_sample,structural_auditor_v1,structural audit ok; label consistent with packet invariants
CS-TPRM-SOC-027-4C2E2F53,train,PARTIAL,third_party_controls,reviewed,dev_sample,structural_auditor_v1,structural audit ok; label consistent with packet invariants
CS-TPRM-SOC-042-B84BA685,train,INSUFFICIENT,third_party_controls,reviewed,dev_sample,structural_auditor_v1,structural audit ok; label consistent with packet invariants
CS-TPRM-SOC-057-FA43D442,train,IRRELEVANT,third_party_controls,reviewed,dev_sample,structural_auditor_v1,structural audit ok; label consistent with packet invariants
CS-TPRM-SOC-132-3173E592,validation,CONTRADICTORY,third_party_controls,reviewed,dev_sample,structural_auditor_v1,structural audit ok; label consistent with packet invariants
CS-TPRM-SOC-162-C9681DCD,validation,PARTIAL,third_party_controls,reviewed,dev_sample,structural_auditor_v1,structural audit ok; label consistent with packet invariants
CS-TPRM-SOC-177-43B2130D,train,CONTRADICTORY,third_party_controls,reviewed,dev_sample,structural_auditor_v1,structural audit ok; label consistent with packet invariants
CS-TPRM-SOC-177-4CFA1F2E,train,IRRELEVANT,third_party_controls,reviewed,dev_sample,structural_auditor_v1,structural audit ok; label consistent with packet invariants
CS-TPRM-SOC-207-BA0A4C88,validation,SUFFICIENT,third_party_controls,reviewed,dev_sample,structural_auditor_v1,structural audit ok; label consistent with packet invariants
CS-VULN-SCAN-02-6E36B2B8,train,CONTRADICTORY,vulnerability_management,reviewed,dev_sample,structural_auditor_v1,structural audit ok; label consistent with packet invariants
CS-VULN-SCAN-02-C0BE2CF5,train,INSUFFICIENT,vulnerability_management,reviewed,dev_sample,structural_auditor_v1,structural audit ok; label consistent with packet invariants
CS-VULN-SCAN-03-44C413F9,validation,PARTIAL,vulnerability_management,reviewed,dev_sample,structural_auditor_v1,structural audit ok; label consistent with packet invariants
CS-VULN-SCAN-03-A585CEB2,validation,SUFFICIENT,vulnerability_management,reviewed,dev_sample,structural_auditor_v1,structural audit ok; label consistent with packet invariants
CS-VULN-SCAN-05-A302A7BD,train,SUFFICIENT,vulnerability_management,reviewed,dev_sample,structural_auditor_v1,structural audit ok; label consistent with packet invariants
CS-VULN-SCAN-05-BE552C15,train,IRRELEVANT,vulnerability_management,reviewed,dev_sample,structural_auditor_v1,structural audit ok; label consistent with packet invariants
CS-VULN-SCAN-17-3897B075,train,INSUFFICIENT,vulnerability_management,reviewed,dev_sample,structural_auditor_v1,structural audit ok; label consistent with packet invariants
CS-VULN-SCAN-18-6FDC03C0,train,CONTRADICTORY,vulnerability_management,reviewed,dev_sample,structural_auditor_v1,structural audit ok; label consistent with packet invariants
CS-VULN-SCAN-23-906E0ED3,train,PARTIAL,vulnerability_management,reviewed,dev_sample,structural_auditor_v1,structural audit ok; label consistent with packet invariants
CS-VULN-SCAN-29-0DD3588B,train,IRRELEVANT,vulnerability_management,reviewed,dev_sample,structural_auditor_v1,structural audit ok; label consistent with packet invariants
